rows,cols,numberofNullsInTable,yrank,qlen,IDFpageTitles,IDFsectionTitle,IDFtableCaption,IDFtableHeading,IDFtableBody,IDFCatchAll,hitsLC,hitsSLC,hitsB,hitsPageTitle,hitsTableCaption
0.1358320026934506,0.1160224687045966,0.06695784575442207,0.09790240944241181,0.01603039837850473,0.0769082418359659,0.07340071489506027,0.07637358656701712,0.0584559954443449,0.06851965656739098,0.06088042944881842,0.019810865831321606,0.025438090904403236,0.019770646836877293,0.04112887038874886,0.04656777630666583
